K,Sim,Reference Acc (avg probs)
2,4.5,51.477999999999994
3,4.5,51.842999999999996
4,4.5,53.201
6,4.5,50.900999999999996
